{"source":2,"revision":17,"description":null,"createdBy":{"displayName":"Garima1 Patel","url":"https://hcazdevops.ril.com/Central IT/_apis/Identities/2bd6d090-bf76-46aa-a672-a3b4d0bacca0","_links":{"avatar":{"href":"https://hcazdevops.ril.com/Central%20IT/_apis/GraphProfile/MemberAvatars/win.Uy0xLTUtMjEtMjIwNzU5NTE2Ni03MjEyNTY2NjUtNTU2MTkwNDkyLTEwMDg4NzU"}},"id":"2bd6d090-bf76-46aa-a672-a3b4d0bacca0","uniqueName":"IN\\Garima1.Patel","imageUrl":"https://hcazdevops.ril.com/Central%20IT/_apis/GraphProfile/MemberAvatars/win.Uy0xLTUtMjEtMjIwNzU5NTE2Ni03MjEyNTY2NjUtNTU2MTkwNDkyLTEwMDg4NzU","descriptor":"win.Uy0xLTUtMjEtMjIwNzU5NTE2Ni03MjEyNTY2NjUtNTU2MTkwNDkyLTEwMDg4NzU"},"createdOn":"2020-07-24T12:22:05.867Z","modifiedBy":{"displayName":"Garima1 Patel","url":"https://hcazdevops.ril.com/Central IT/_apis/Identities/2bd6d090-bf76-46aa-a672-a3b4d0bacca0","_links":{"avatar":{"href":"https://hcazdevops.ril.com/Central%20IT/_apis/GraphProfile/MemberAvatars/win.Uy0xLTUtMjEtMjIwNzU5NTE2Ni03MjEyNTY2NjUtNTU2MTkwNDkyLTEwMDg4NzU"}},"id":"2bd6d090-bf76-46aa-a672-a3b4d0bacca0","uniqueName":"IN\\Garima1.Patel","imageUrl":"https://hcazdevops.ril.com/Central%20IT/_apis/GraphProfile/MemberAvatars/win.Uy0xLTUtMjEtMjIwNzU5NTE2Ni03MjEyNTY2NjUtNTU2MTkwNDkyLTEwMDg4NzU","descriptor":"win.Uy0xLTUtMjEtMjIwNzU5NTE2Ni03MjEyNTY2NjUtNTU2MTkwNDkyLTEwMDg4NzU"},"modifiedOn":"2020-10-14T05:02:05.993Z","isDeleted":false,"variables":{},"variableGroups":[59],"environments":[{"id":7,"name":"PRODUCTION","rank":1,"owner":{"displayName":"Garima1 Patel","url":"https://hcazdevops.ril.com/Central IT/_apis/Identities/2bd6d090-bf76-46aa-a672-a3b4d0bacca0","_links":{"avatar":{"href":"https://hcazdevops.ril.com/Central%20IT/_apis/GraphProfile/MemberAvatars/win.Uy0xLTUtMjEtMjIwNzU5NTE2Ni03MjEyNTY2NjUtNTU2MTkwNDkyLTEwMDg4NzU"}},"id":"2bd6d090-bf76-46aa-a672-a3b4d0bacca0","uniqueName":"IN\\Garima1.Patel","imageUrl":"https://hcazdevops.ril.com/Central%20IT/_apis/GraphProfile/MemberAvatars/win.Uy0xLTUtMjEtMjIwNzU5NTE2Ni03MjEyNTY2NjUtNTU2MTkwNDkyLTEwMDg4NzU","descriptor":"win.Uy0xLTUtMjEtMjIwNzU5NTE2Ni03MjEyNTY2NjUtNTU2MTkwNDkyLTEwMDg4NzU"},"variables":{},"variableGroups":[],"preDeployApprovals":{"approvals":[{"rank":1,"isAutomated":false,"isNotificationOn":false,"approver":{"displayName":"Garima1 Patel","url":"https://hcazdevops.ril.com/Central IT/_apis/Identities/2bd6d090-bf76-46aa-a672-a3b4d0bacca0","_links":{"avatar":{"href":"https://hcazdevops.ril.com/Central%20IT/_apis/GraphProfile/MemberAvatars/win.Uy0xLTUtMjEtMjIwNzU5NTE2Ni03MjEyNTY2NjUtNTU2MTkwNDkyLTEwMDg4NzU"}},"id":"2bd6d090-bf76-46aa-a672-a3b4d0bacca0","uniqueName":"IN\\Garima1.Patel","imageUrl":"https://hcazdevops.ril.com/Central%20IT/_apis/GraphProfile/MemberAvatars/win.Uy0xLTUtMjEtMjIwNzU5NTE2Ni03MjEyNTY2NjUtNTU2MTkwNDkyLTEwMDg4NzU","descriptor":"win.Uy0xLTUtMjEtMjIwNzU5NTE2Ni03MjEyNTY2NjUtNTU2MTkwNDkyLTEwMDg4NzU"},"id":33},{"rank":1,"isAutomated":false,"isNotificationOn":false,"approver":{"displayName":"Layeeq Mohammad (Consultant)","url":"https://hcazdevops.ril.com/Central IT/_apis/Identities/4a7a4d2a-d23e-481c-8ddf-45d198a37dc1","_links":{"avatar":{"href":"https://hcazdevops.ril.com/Central%20IT/_apis/GraphProfile/MemberAvatars/win.Uy0xLTUtMjEtMjIwNzU5NTE2Ni03MjEyNTY2NjUtNTU2MTkwNDkyLTg4NTkzNA"}},"id":"4a7a4d2a-d23e-481c-8ddf-45d198a37dc1","uniqueName":"IN\\Layeeq.Mohammad","imageUrl":"https://hcazdevops.ril.com/Central%20IT/_apis/GraphProfile/MemberAvatars/win.Uy0xLTUtMjEtMjIwNzU5NTE2Ni03MjEyNTY2NjUtNTU2MTkwNDkyLTg4NTkzNA","descriptor":"win.Uy0xLTUtMjEtMjIwNzU5NTE2Ni03MjEyNTY2NjUtNTU2MTkwNDkyLTg4NTkzNA"},"id":34},{"rank":1,"isAutomated":false,"isNotificationOn":false,"approver":{"displayName":"Ramkumar Rn","url":"https://hcazdevops.ril.com/Central IT/_apis/Identities/e27a56a0-f781-44a1-a814-9bc5a1a54d2c","_links":{"avatar":{"href":"https://hcazdevops.ril.com/Central%20IT/_apis/GraphProfile/MemberAvatars/win.Uy0xLTUtMjEtMjIwNzU5NTE2Ni03MjEyNTY2NjUtNTU2MTkwNDkyLTg1MTQ5Mg"}},"id":"e27a56a0-f781-44a1-a814-9bc5a1a54d2c","uniqueName":"IN\\Ramkumar.Rn","imageUrl":"https://hcazdevops.ril.com/Central%20IT/_apis/GraphProfile/MemberAvatars/win.Uy0xLTUtMjEtMjIwNzU5NTE2Ni03MjEyNTY2NjUtNTU2MTkwNDkyLTg1MTQ5Mg","descriptor":"win.Uy0xLTUtMjEtMjIwNzU5NTE2Ni03MjEyNTY2NjUtNTU2MTkwNDkyLTg1MTQ5Mg"},"id":35}],"approvalOptions":{"requiredApproverCount":1,"releaseCreatorCanBeApprover":true,"autoTriggeredAndPreviousEnvironmentApprovedCanBeSkipped":false,"enforceIdentityRevalidation":false,"timeoutInMinutes":0,"executionOrder":1}},"deployStep":{"id":31},"postDeployApprovals":{"approvals":[{"rank":1,"isAutomated":true,"isNotificationOn":false,"id":32}],"approvalOptions":{"requiredApproverCount":null,"releaseCreatorCanBeApprover":false,"autoTriggeredAndPreviousEnvironmentApprovedCanBeSkipped":false,"enforceIdentityRevalidation":false,"timeoutInMinutes":0,"executionOrder":2}},"deployPhases":[{"deploymentInput":{"parallelExecution":{"parallelExecutionType":0},"agentSpecification":null,"skipArtifactsDownload":false,"artifactsDownloadInput":{"downloadInputs":[]},"queueId":515,"demands":[],"enableAccessToken":false,"timeoutInMinutes":0,"jobCancelTimeoutInMinutes":1,"condition":"succeeded()","overrideInputs":{}},"rank":1,"phaseType":1,"name":"Agent job","refName":null,"workflowTasks":[{"environment":{},"taskId":"6c731c3c-3c68-459a-a5c9-bde6e6595b5b","version":"3.*","name":"Bash Script","refName":"","enabled":true,"alwaysRun":false,"continueOnError":false,"timeoutInMinutes":0,"definitionType":"task","overrideInputs":{},"condition":"succeeded()","inputs":{"targetType":"inline","filePath":"","arguments":"","script":"echo $(System.DefaultWorkingDirectory)\ncd /opt/pyspark \n       \nsudo ansible-playbook ansible-pysparkprod.yaml --extra-vars \"Hostname=$(hostname) file_path=$(System.DefaultWorkingDirectory)/$(Release.PrimaryArtifactSourceAlias)/Pyspark/*.py keytab_path=$(System.DefaultWorkingDirectory)/$(Release.PrimaryArtifactSourceAlias)/Pyspark service_account=$(serviceaccount) from_db=$(from_db) to_db=$(to_db)  env=$(env) hql_file_name=$(hql_file_name) realm=$(realm) \" -vvv\n","workingDirectory":"","failOnStderr":"false","noProfile":"true","noRc":"true"}}]}],"environmentOptions":{"emailNotificationType":"OnlyOnFailure","emailRecipients":"release.environment.owner;release.creator","skipArtifactsDownload":false,"timeoutInMinutes":0,"enableAccessToken":false,"publishDeploymentStatus":true,"badgeEnabled":false,"autoLinkWorkItems":false,"pullRequestDeploymentEnabled":false},"demands":[],"conditions":[{"name":"ReleaseStarted","conditionType":1,"value":""}],"executionPolicy":{"concurrencyCount":1,"queueDepthCount":0},"schedules":[],"currentRelease":{"id":275,"url":"https://hcazdevops.ril.com/Central%20IT/76515d1d-28af-4a2c-b246-ace72a04cada/_apis/Release/releases/275","_links":{}},"retentionPolicy":{"daysToKeep":30,"releasesToKeep":3,"retainBuild":true},"processParameters":{},"properties":{},"preDeploymentGates":{"id":0,"gatesOptions":null,"gates":[]},"postDeploymentGates":{"id":0,"gatesOptions":null,"gates":[]},"environmentTriggers":[],"badgeUrl":"https://hcazdevops.ril.com/Central%20IT/_apis/public/Release/badge/76515d1d-28af-4a2c-b246-ace72a04cada/7/7"}],"artifacts":[{"sourceId":"76515d1d-28af-4a2c-b246-ace72a04cada:375","type":"Build","alias":"PySpark","definitionReference":{"artifactSourceDefinitionUrl":{"id":"https://hcazdevops.ril.com/_permalink/_build/index?collectionId=7407cf42-7e2a-4736-b024-06f6710a0e0b&projectId=76515d1d-28af-4a2c-b246-ace72a04cada&definitionId=375","name":""},"defaultVersionBranch":{"id":"","name":""},"defaultVersionSpecific":{"id":"","name":""},"defaultVersionTags":{"id":"","name":""},"defaultVersionType":{"id":"latestType","name":"Latest"},"definition":{"id":"375","name":"PySpark"},"project":{"id":"76515d1d-28af-4a2c-b246-ace72a04cada","name":"CECE20011-Datalake"}},"isPrimary":true,"isRetained":false}],"triggers":[{"artifactAlias":"PySpark","triggerConditions":[],"triggerType":1}],"releaseNameFormat":"Release-$(rev:r)","tags":[],"pipelineProcess":{"type":1},"properties":{"DefinitionCreationSource":{"$type":"System.String","$value":"BuildSummary"},"System.EnvironmentRankLogicVersion":{"$type":"System.String","$value":"2"}},"id":7,"name":"PySpark","path":"\\","projectReference":null,"url":"https://hcazdevops.ril.com/Central%20IT/76515d1d-28af-4a2c-b246-ace72a04cada/_apis/Release/definitions/7","_links":{"self":{"href":"https://hcazdevops.ril.com/Central%20IT/76515d1d-28af-4a2c-b246-ace72a04cada/_apis/Release/definitions/7"},"web":{"href":"https://hcazdevops.ril.com/Central%20IT/76515d1d-28af-4a2c-b246-ace72a04cada/_release?definitionId=7"}}}