{"source":2,"revision":4,"description":null,"createdBy":{"displayName":"Layeeq Mohammad (Consultant)","url":"https://hcazdevops.ril.com/Central IT/_apis/Identities/4a7a4d2a-d23e-481c-8ddf-45d198a37dc1","_links":{"avatar":{"href":"https://hcazdevops.ril.com/Central%20IT/_apis/GraphProfile/MemberAvatars/win.Uy0xLTUtMjEtMjIwNzU5NTE2Ni03MjEyNTY2NjUtNTU2MTkwNDkyLTg4NTkzNA"}},"id":"4a7a4d2a-d23e-481c-8ddf-45d198a37dc1","uniqueName":"IN\\Layeeq.Mohammad","imageUrl":"https://hcazdevops.ril.com/Central%20IT/_apis/GraphProfile/MemberAvatars/win.Uy0xLTUtMjEtMjIwNzU5NTE2Ni03MjEyNTY2NjUtNTU2MTkwNDkyLTg4NTkzNA","descriptor":"win.Uy0xLTUtMjEtMjIwNzU5NTE2Ni03MjEyNTY2NjUtNTU2MTkwNDkyLTg4NTkzNA"},"createdOn":"2020-10-07T14:36:33.243Z","modifiedBy":{"displayName":"Layeeq Mohammad (Consultant)","url":"https://hcazdevops.ril.com/Central IT/_apis/Identities/4a7a4d2a-d23e-481c-8ddf-45d198a37dc1","_links":{"avatar":{"href":"https://hcazdevops.ril.com/Central%20IT/_apis/GraphProfile/MemberAvatars/win.Uy0xLTUtMjEtMjIwNzU5NTE2Ni03MjEyNTY2NjUtNTU2MTkwNDkyLTg4NTkzNA"}},"id":"4a7a4d2a-d23e-481c-8ddf-45d198a37dc1","uniqueName":"IN\\Layeeq.Mohammad","imageUrl":"https://hcazdevops.ril.com/Central%20IT/_apis/GraphProfile/MemberAvatars/win.Uy0xLTUtMjEtMjIwNzU5NTE2Ni03MjEyNTY2NjUtNTU2MTkwNDkyLTg4NTkzNA","descriptor":"win.Uy0xLTUtMjEtMjIwNzU5NTE2Ni03MjEyNTY2NjUtNTU2MTkwNDkyLTg4NTkzNA"},"modifiedOn":"2020-10-13T11:19:17.960Z","isDeleted":false,"variables":{},"variableGroups":[70],"environments":[{"id":10,"name":"PRODUCTION","rank":1,"owner":{"displayName":"Layeeq Mohammad (Consultant)","url":"https://hcazdevops.ril.com/Central IT/_apis/Identities/4a7a4d2a-d23e-481c-8ddf-45d198a37dc1","_links":{"avatar":{"href":"https://hcazdevops.ril.com/Central%20IT/_apis/GraphProfile/MemberAvatars/win.Uy0xLTUtMjEtMjIwNzU5NTE2Ni03MjEyNTY2NjUtNTU2MTkwNDkyLTg4NTkzNA"}},"id":"4a7a4d2a-d23e-481c-8ddf-45d198a37dc1","uniqueName":"IN\\Layeeq.Mohammad","imageUrl":"https://hcazdevops.ril.com/Central%20IT/_apis/GraphProfile/MemberAvatars/win.Uy0xLTUtMjEtMjIwNzU5NTE2Ni03MjEyNTY2NjUtNTU2MTkwNDkyLTg4NTkzNA","descriptor":"win.Uy0xLTUtMjEtMjIwNzU5NTE2Ni03MjEyNTY2NjUtNTU2MTkwNDkyLTg4NTkzNA"},"variables":{},"variableGroups":[],"preDeployApprovals":{"approvals":[{"rank":1,"isAutomated":false,"isNotificationOn":false,"approver":{"displayName":"Layeeq Mohammad (Consultant)","url":"https://hcazdevops.ril.com/Central IT/_apis/Identities/4a7a4d2a-d23e-481c-8ddf-45d198a37dc1","_links":{"avatar":{"href":"https://hcazdevops.ril.com/Central%20IT/_apis/GraphProfile/MemberAvatars/win.Uy0xLTUtMjEtMjIwNzU5NTE2Ni03MjEyNTY2NjUtNTU2MTkwNDkyLTg4NTkzNA"}},"id":"4a7a4d2a-d23e-481c-8ddf-45d198a37dc1","uniqueName":"IN\\Layeeq.Mohammad","imageUrl":"https://hcazdevops.ril.com/Central%20IT/_apis/GraphProfile/MemberAvatars/win.Uy0xLTUtMjEtMjIwNzU5NTE2Ni03MjEyNTY2NjUtNTU2MTkwNDkyLTg4NTkzNA","descriptor":"win.Uy0xLTUtMjEtMjIwNzU5NTE2Ni03MjEyNTY2NjUtNTU2MTkwNDkyLTg4NTkzNA"},"id":46}],"approvalOptions":{"requiredApproverCount":1,"releaseCreatorCanBeApprover":true,"autoTriggeredAndPreviousEnvironmentApprovedCanBeSkipped":false,"enforceIdentityRevalidation":false,"timeoutInMinutes":0,"executionOrder":1}},"deployStep":{"id":47},"postDeployApprovals":{"approvals":[{"rank":1,"isAutomated":true,"isNotificationOn":false,"id":49}],"approvalOptions":{"requiredApproverCount":null,"releaseCreatorCanBeApprover":false,"autoTriggeredAndPreviousEnvironmentApprovedCanBeSkipped":false,"enforceIdentityRevalidation":false,"timeoutInMinutes":0,"executionOrder":2}},"deployPhases":[{"deploymentInput":{"parallelExecution":{"parallelExecutionType":0},"agentSpecification":null,"skipArtifactsDownload":false,"artifactsDownloadInput":{"downloadInputs":[]},"queueId":515,"demands":[],"enableAccessToken":false,"timeoutInMinutes":0,"jobCancelTimeoutInMinutes":1,"condition":"succeeded()","overrideInputs":{}},"rank":1,"phaseType":1,"name":"Agent job","refName":null,"workflowTasks":[{"environment":{},"taskId":"6c731c3c-3c68-459a-a5c9-bde6e6595b5b","version":"3.*","name":"Bash Script","refName":"","enabled":true,"alwaysRun":false,"continueOnError":false,"timeoutInMinutes":0,"definitionType":"task","overrideInputs":{},"condition":"succeeded()","inputs":{"targetType":"inline","filePath":"","arguments":"","script":"echo $(System.DefaultWorkingDirectory)\ncd /opt/hive \n        \nsudo ansible-playbook ansible-hiveprod.yaml --extra-vars \"Hostname=$(hostname) file_path=$(System.DefaultWorkingDirectory)/$(Release.PrimaryArtifactSourceAlias)/Hive/*.hql keytab_path=$(System.DefaultWorkingDirectory)/$(Release.PrimaryArtifactSourceAlias)/Hive service_account=$(serviceaccount) from_db=$(from_db) to_db=$(to_db)  env=$(env) hql_file_name=$(hql_file_name) realm=$(realm) \" -vvv","workingDirectory":"","failOnStderr":"false","noProfile":"true","noRc":"true"}}]}],"environmentOptions":{"emailNotificationType":"OnlyOnFailure","emailRecipients":"release.environment.owner;release.creator","skipArtifactsDownload":false,"timeoutInMinutes":0,"enableAccessToken":false,"publishDeploymentStatus":true,"badgeEnabled":false,"autoLinkWorkItems":false,"pullRequestDeploymentEnabled":false},"demands":[],"conditions":[{"name":"ReleaseStarted","conditionType":1,"value":""}],"executionPolicy":{"concurrencyCount":1,"queueDepthCount":0},"schedules":[],"currentRelease":{"id":265,"url":"https://hcazdevops.ril.com/Central%20IT/76515d1d-28af-4a2c-b246-ace72a04cada/_apis/Release/releases/265","_links":{}},"retentionPolicy":{"daysToKeep":30,"releasesToKeep":3,"retainBuild":true},"processParameters":{},"properties":{},"preDeploymentGates":{"id":0,"gatesOptions":null,"gates":[]},"postDeploymentGates":{"id":0,"gatesOptions":null,"gates":[]},"environmentTriggers":[],"badgeUrl":"https://hcazdevops.ril.com/Central%20IT/_apis/public/Release/badge/76515d1d-28af-4a2c-b246-ace72a04cada/10/10"}],"artifacts":[{"sourceId":"76515d1d-28af-4a2c-b246-ace72a04cada:415","type":"Build","alias":"_demo_hive_hql","definitionReference":{"artifactSourceDefinitionUrl":{"id":"https://hcazdevops.ril.com/_permalink/_build/index?collectionId=7407cf42-7e2a-4736-b024-06f6710a0e0b&projectId=76515d1d-28af-4a2c-b246-ace72a04cada&definitionId=415","name":""},"defaultVersionBranch":{"id":"","name":""},"defaultVersionSpecific":{"id":"","name":""},"defaultVersionTags":{"id":"","name":""},"defaultVersionType":{"id":"latestType","name":"Latest"},"definition":{"id":"415","name":"demo_hive_hql"},"definitions":{"id":"","name":""},"IsMultiDefinitionType":{"id":"False","name":"False"},"project":{"id":"76515d1d-28af-4a2c-b246-ace72a04cada","name":"CECE20011-Datalake"},"repository":{"id":"","name":""}},"isPrimary":true,"isRetained":false}],"triggers":[{"artifactAlias":"_demo_hive_hql","triggerConditions":[{"sourceBranch":"master","tags":[],"useBuildDefinitionBranch":false,"createReleaseOnBuildTagging":false}],"triggerType":1}],"releaseNameFormat":"Release-$(rev:r)","tags":[],"pipelineProcess":{"type":1},"properties":{"DefinitionCreationSource":{"$type":"System.String","$value":"ReleaseImport"}},"id":10,"name":"Demo_Hive","path":"\\","projectReference":null,"url":"https://hcazdevops.ril.com/Central%20IT/76515d1d-28af-4a2c-b246-ace72a04cada/_apis/Release/definitions/10","_links":{"self":{"href":"https://hcazdevops.ril.com/Central%20IT/76515d1d-28af-4a2c-b246-ace72a04cada/_apis/Release/definitions/10"},"web":{"href":"https://hcazdevops.ril.com/Central%20IT/76515d1d-28af-4a2c-b246-ace72a04cada/_release?definitionId=10"}}}